<COMPONENT>
  <HEADER PLATEFORM="ALL" SERIAL="" VERSION="1.0" STATUS="ALPHA" COMPATIBILITY="ALL" AUTHOR="Thomas Häger" RELEASE_DATE="20121121A" STARTABLE="true">
    <SIGNATURE/>
  </HEADER>

  <FAMILIES>
    <FAMILY>Internet</FAMILY>
  </FAMILIES>

  <DOCUMENTATION>
    <URL/>
  </DOCUMENTATION>

  <CONNECTORS>
    <CONNECTOR CTYPE="FLOW" MAX_INPUT="0" MAX_OUTPUT="0"/>
    <CONNECTOR CTYPE="ITERATE" MAX_OUTPUT="0" MAX_INPUT="1"/>
    <CONNECTOR CTYPE="SUBJOB_OK" MAX_INPUT="1" />
    <CONNECTOR CTYPE="SUBJOB_ERROR" MAX_INPUT="1" />
    <CONNECTOR CTYPE="COMPONENT_OK"/>
    <CONNECTOR CTYPE="COMPONENT_ERROR"/>
    <CONNECTOR CTYPE="RUN_IF"/>
  </CONNECTORS>

  <PARAMETERS>
    <PARAMETER NAME="TUNNELS" FIELD="TABLE" REQUIRED="true" NUM_ROW="3" NB_LINES="5" SHOW="true">
      <ITEMS BASED_ON_SCHEMA="false">
        <ITEM NAME="HOST" />
        <ITEM NAME="PORT" />
        <ITEM NAME="USERNAME" />
        <ITEM NAME="PASSWORD" />
        <ITEM NAME="KEYFILE" />
        <ITEM NAME="L_TUNNEL_STRING" />
      </ITEMS>
    </PARAMETER>
  </PARAMETERS>


  <CODEGENERATION>
    <IMPORTS>
      <IMPORT NAME="Java-JSch" MODULE="jsch-0.1.55.jar" REQUIRED="true" />
    </IMPORTS>
  </CODEGENERATION>

  <RETURNS/>

</COMPONENT>
